,Supplier_Lead_Time,Inventory_Levels,Order_Frequency,Delivery_Performance,Cost_Per_Unit
Supplier_Lead_Time,1.0,0.14668100493178707,-0.8931850570487655,-0.9004253878924666,0.9662681637192996
Inventory_Levels,0.14668100493178707,1.0,-0.10343899053450145,-0.18939749697190078,0.12377706136556656
Order_Frequency,-0.8931850570487655,-0.10343899053450145,1.0,0.8033752586352061,-0.8822148361776058
Delivery_Performance,-0.9004253878924666,-0.18939749697190078,0.8033752586352061,1.0,-0.9036984772916837
Cost_Per_Unit,0.9662681637192996,0.12377706136556656,-0.8822148361776058,-0.9036984772916837,1.0
